{"priceCat4": -0.32545381157511277, "cons": 1.0385194283095176, "priceCat3": -0.20218764922404844, "priceCat1": 0.81777856205610855, "max": 3541900.0, "gasCat2": 0.16505971931835728, "gasCat3": 0.019197713552922803, "gasCat4": 0.039841258788836986, "50pct": 21000.0, "90pct": 47051.200000000048, "blockInterval": 15.396268325188805, "75pct": 30416.0}