{"priceCat4": -0.20964306466313753, "const": 1.1531895507327223, "priceCat3": -0.0095432804263085591, "priceCat1": 1.0925790576583982, "max": 4100000.0, "gasCat2": 0.54251351574519924, "gasCat3": -0.088181649724309571, "gasCat4": 0.10214379713142616, "50pct": 21000.0, "90pct": 52472.0, "blockInterval": 15.283281578683763, "75pct": 30527.0}