{"priceCat4": -0.16218969499302044, "cons": 0.93146062004790486, "priceCat3": 0.53981755792602415, "priceCat1": 0.89977797296735018, "max": 4297920.0, "gasCat2": 0.77208961719531155, "gasCat3": -0.13608209949215591, "gasCat4": -0.1385469425745624, "50pct": 21000.0, "90pct": 42840.0, "blockInterval": 15.258838793383068, "75pct": 30416.0}