{"priceCat4": -0.20469274279873104, "const": 1.1514059950425179, "priceCat3": -0.0072821434420440303, "priceCat1": 1.0871715003347824, "max": 4100000.0, "gasCat2": 0.53859827587675324, "gasCat3": -0.09080753319212638, "gasCat4": 0.10149834997781845, "50pct": 21000.0, "90pct": 52472.0, "blockInterval": 15.271561654813182, "75pct": 30527.0}