{"18":{"txHash":"0x1c89eff22c71622bbead3d18a2afd2599fbf0e4868410cd3ded82806003f521b","gasPrice":18,"postedBlock":3634006,"minedBlock":3634015,"mined":true},"19":{"txHash":"0xb2d2f46fef6585070150460109d51169d27582407ff54837beeb0c310682d616","gasPrice":19,"postedBlock":3633921,"minedBlock":null,"mined":true},"18.75":{"txHash":"0x5668395ae892d25962f4dfa5b2e0b87e51de57dd95182e12c8f0f84555facded","gasPrice":18.75,"postedBlock":3633010,"minedBlock":3633014,"mined":true},"19.99984":{"txHash":"0xed64ee3247e8ea807b8b616525f7a4d1831d3cfe4e603afa50f6a6c1d54c331a","gasPrice":19.99984,"postedBlock":3631712,"minedBlock":3631718,"mined":true}}